{
  "acc": 53.13157894736842,
  "mf1": 52.99140451983696
}