{
  "acc": 63.1578947368421,
  "mf1": 62.36832084432727
}